ļ»æProduct,Price
Nutrabay Gold Pea Protein,"ā‚¹1,499"
"Nutrabay BioAbsorbā„¢ Whey Protein Powder, 26g Protein Per Serving | ProDiFiā„¢ Blend for Better Absorption","ā‚¹3,149"
Nutrabay Yeast Protein,"ā‚¹1,999"
Nutrabay Gold Whey Protein Concentrate,"ā‚¹2,799"
Nutrabay Pure Pea Protein Isolate,"ā‚¹1,099"
Nutrabay Pure Whey Protein Concentrate,"ā‚¹2,599"
Nutrabay Pure Whey Protein Isolate,"ā‚¹4,499"
Nutrabay Gold Whey Protein Isolate,"ā‚¹4,499"
Nutrabay Gold Tri-Blend Whey Protein,"ā‚¹3,299"
Nutrabay Wellness Vegan Plant Protein Powder + Superfoods,"ā‚¹1,889"
Nutrabay Fish Oil Omega 3 (Triple Strength) - 1250mg,ā‚¹749
Nutrabay Fish Oil Omega 3 - 1000mg,ā‚¹319
Neuherbs Deep Sea Omega 3 Fish Oil 2500mg (Triple Strength) With Vitamin D3 & E,ā‚¹749
MuscleBlaze Omega 3 Fish Oil Gold 1250mg - Triple Strength Formula (560mg EPA & 400mg DHA),ā‚¹849
Optimum Nutrition (ON) Fish Oil,ā‚¹488
MuscleBlaze Fish Oil 1000mg,ā‚¹449
Pole Nutrition Omega 3 Fish Oil 1000Mg,ā‚¹799
Nutrabay High Protein Oats,ā‚¹499
Pintola High Protein Oats,ā‚¹579
Doctor's Choice High Protein Oats,ā‚¹599
MuscleBlaze High Protein Oats,ā‚¹549
Pintola Jumbo Rolled Oats,ā‚¹225
Myfitness iOAT - H2O,ā‚¹359
Ace Blend Max Magnesium 440mg,ā‚¹741
Allmax Multivitamin Vitaform for Women,ā‚¹699
Labrada Muscle Mass Gainer,"ā‚¹1,199"
Kevin Levrone Anabolic Iso Whey,"ā‚¹6,699"
MuscleTech NitroTech Whey Gold,"ā‚¹6,999"
Nutrabay Pure Creatine Monohydrate Micronized,ā‚¹999
Nutrabay Creafizz - Creatine Monohydrate Sachets | Fizzy & Refreshing Format | Instantly Dissolves | No Clumps | 3g Creatine per Serving,ā‚¹499
Nutrabay Gold Micronized Creatine Monohydrate,ā‚¹649
Wellcore Micronised Creatine Monohydrate,ā‚¹529
Optimum Nutrition (ON) Micronized Creatine Monohydrate Powder,ā‚¹889
MuscleTech Platinum Creatine Monohydrate,ā‚¹849
MuscleBlaze Creatine Monohydrate Cre AMP,ā‚¹839
Isopure Creatine Monohydrate Micronized,ā‚¹945
Naturaltein Creatine: Creapure,"ā‚¹1,099"
GNC Pro Performance Creatine Monohydrate,ā‚¹944
Nakpro Nutrition Platinum Whey Protein Isolate Supplement Powder,"ā‚¹3,499"
Nakpro Nutrition Micronized Creatine Monohydrate,ā‚¹860
Nakpro Nutrition Pea Protein Isolate,"ā‚¹1,199"
Nakpro Nutrition Gold Whey Protein Concentrate Supplement Powder,"ā‚¹2,299"
Nakpro Nutrition Hydro Whey Protein Hydrolyzed Supplement Powder,"ā‚¹2,399"
